{"cameraMode":{"drawMode":0,"name":"Shaded","section":"Shading Mode"},"sceneLighting":false,"audioPlay":false,"sceneViewState":{"m_AlwaysRefresh":false,"showFog":true,"showSkybox":false,"showFlares":true,"showImageEffects":true,"showParticleSystems":true,"showVisualEffectGraphs":true,"m_FxEnabled":true},"in2DMode":false,"pivot":{"x":-0.3174861669540405,"y":1.3502603769302369,"z":0.06003326177597046},"rotation":{"x":0.025496812537312509,"y":-0.005998279899358749,"z":0.00015230636927299201,"w":0.9996623396873474},"size":1.9332399368286133,"orthographic":false}