{"cameraMode":{"drawMode":0,"name":"Shaded","section":"Shading Mode"},"sceneLighting":false,"audioPlay":false,"sceneViewState":{"m_AlwaysRefresh":false,"showFog":true,"showSkybox":false,"showFlares":true,"showImageEffects":true,"showParticleSystems":true,"showVisualEffectGraphs":true,"m_FxEnabled":true},"in2DMode":false,"pivot":{"x":-0.005673646926879883,"y":1.0823668241500855,"z":0.03241831064224243},"rotation":{"x":-0.0014122410211712123,"y":0.9985709190368652,"z":0.04346495866775513,"w":0.03204423934221268},"size":1.7212077379226685,"orthographic":false}